Workbook

Sheet 使い方
A1: 因子水準表・テストケース ひな形
A2: 作成日：2026-10-02
A4: ■ 作業の流れ（JSTQB FL V4.0 の「テスト分析 → テスト設計」に対応）
A5: 1. 因子水準表：テスト対象の結果に影響する要素（因子）と、その取りうる値（水準）を洗い出す
A6: 2. テスト条件：何を確認するか（テスト条件）を、要件と因子にひも付けて書く
A7: 3. テストケース：テスト条件ごとに、因子の水準の組み合わせ・手順・期待結果を書く
A8: 4. 集計：ケース数・実行結果・消化率を自動で集計する
A10: ■ シートのつながり
A11: ・テストケースの因子列の見出しは、因子水準表のカテゴリと因子名が自動で入ります
A12: ・カテゴリ（画面のどのエリアか）は因子水準表の下の「カテゴリ一覧」に書き、因子とテストケースではそこからプルダウンで選びます
A13: ・テストケースはカテゴリ列で絞り込めます。集計シートにカテゴリ別の件数が出ます
A14: ・テストケースの因子列はプルダウンで、因子水準表に書いた水準から選べます
... A29: ・仕様が決まっていない点は、テストケースの備考に「要確認」と書いて残す

Sheet 因子水準表
A1: 因子水準表
A2: 対象機能 | B2: ログイン機能 | C2: 根拠 | D2: 要件サンプル/ログイン機能_要件.md
A4: 因子ID | B4: F1 | C4: F2 | D4: F3 | E4: F4 | F4: F5 | G4: F6 | H4: F7 | I4: F8
A5: カテゴリ | B5: ログインフォーム | C5: ログインフォーム | D5: アカウント | E5: アカウント
A6: 因子名 | B6: メールアドレス | C6: パスワード | D6: アカウント状態 | E6: 直前の連続失敗回数
A7: 分類 | B7: 入力 | C7: 入力 | D7: 状態 | E7: 状態
A8: 根拠（要件ID） | B8: R-10, R-11 | C8: R-01 | D8: R-05 | E8: R-01
A9: 水準1 | B9: 登録済み | C9: 正しい | D9: アクティブ | E9: 0〜1回
A10: 水準2 | B10: 未登録 | C10: 間違っている | D10: ロック済み | E10: 2回（境界・未ロック）
A11: 水準3 | B11: 空欄（無効） | C11: 空欄（無効） | E11: 3回（境界・ロック発動）
A12: 水準4 | B12: 形式不正（無効）
A13: 水準5
A14: 水準6
A15: 水準7
A16: 水準8
A17: 水準9
A18: 水準10
A19: 水準数 | B19: =COUNTA(B9:B18) | C19: =COUNTA(C9:C18) | D19: =COUNTA(D9:D18) | E19: =COUNTA(E9:E18) | F19: =COUNTA(F9:F18) | G19: =COUNTA(G9:G18) | H19: =COUNTA(H9:H18) | I19: =COUNTA(I9:I18)
A21: 全組み合わせ数 | B21: =IF(COUNTIF(B19:I19,">0")=0,0,PRODUCT(MAX(B19,1),MAX(C19,1),MAX(D19,1),MAX(E19,1),MAX(F19,1),MAX(G19,1),MAX(H19,1),MAX(I19,1))) | C21: ← 多すぎる場合はデシジョンテーブルやペアワイズで絞り込む
A23: 分類の例：入力（画面の入力値。リスト選択・ラジオボタンも含む）／状態（データやアカウントの状態）／環境（ブラウザ・端末・OS）／操作（ボタン・画面遷移）／データ（件数・種類）
A25: カテゴリ一覧
A26: 画面のエリア名を書きます（画面仕様書の見出しに合わせる）。因子のカテゴリ行とテストケースのカテゴリ列は、ここからプルダウンで選びます。
A27: No | B27: カテゴリ | C27: 説明
A28: 1 | B28: ログインフォーム | C28: メールアドレス・パスワードの入力欄とログインボタン
A29: 2 | B29: アカウント | C29: アカウントの状態やログイン失敗回数など、画面の裏側の状態
A30: 3
A31: 4
A32: 5
A33: 6
A34: 7
A35: 8
A36: 9
A37: 10

Sheet テスト条件
A1: テスト条件
A2: テスト条件＝テストで確認すること。ケース数と状態は自動計算です。
A4: 条件ID | B4: テスト条件 | C4: 要件ID | D4: 関連因子 | E4: 技法 | F4: 優先度 | G4: ケース数 | H4: 状態
A5: TC-A | B5: 正しい資格情報でログインできる | C5: R-01 | D5: F1, F2, F3 | E5: 同値分割 | F5: 高 | G5: =IF(A5="","",COUNTIF('テストケース'!$B$6:$B$105,A5)) | H5: =IF(A5="","",IF(G5=0,"ケース未作成","OK"))
A6: TC-B | B6: 連続失敗が2回では未ロック、3回でロックされる（境界） | C6: R-01 | D6: F2, F4 | E6: 境界値分析 | F6: 高 | G6: =IF(A6="","",COUNTIF('テストケース'!$B$6:$B$105,A6)) | H6: =IF(A6="","",IF(G6=0,"ケース未作成","OK"))
A7: TC-C | B7: ロック済みアカウントは資格情報が正しくてもログインできない | C7: R-05 | D7: F3 | E7: デシジョンテーブル | F7: 高 | G7: =IF(A7="","",COUNTIF('テストケース'!$B$6:$B$105,A7)) | H7: =IF(A7="","",IF(G7=0,"ケース未作成","OK"))
A8: TC-D | B8: メールアドレス空欄・形式不正のときにエラーを表示する | C8: R-10, R-11 | D8: F1 | E8: 同値分割 | F8: 中 | G8: =IF(A8="","",COUNTIF('テストケース'!$B$6:$B$105,A8)) | H8: =IF(A8="","",IF(G8=0,"ケース未作成","OK"))
G9: =IF(A9="","",COUNTIF('テストケース'!$B$6:$B$105,A9)) | H9: =IF(A9="","",IF(G9=0,"ケース未作成","OK"))
G10: =IF(A10="","",COUNTIF('テストケース'!$B$6:$B$105,A10)) | H10: =IF(A10="","",IF(G10=0,"ケース未作成","OK"))
G11: =IF(A11="","",COUNTIF('テストケース'!$B$6:$B$105,A11)) | H11: =IF(A11="","",IF(G11=0,"ケース未作成","OK"))
G12: =IF(A12="","",COUNTIF('テストケース'!$B$6:$B$105,A12)) | H12: =IF(A12="","",IF(G12=0,"ケース未作成","OK"))
G13: =IF(A13="","",COUNTIF('テストケース'!$B$6:$B$105,A13)) | H13: =IF(A13="","",IF(G13=0,"ケース未作成","OK"))
G14: =IF(A14="","",COUNTIF('テストケース'!$B$6:$B$105,A14)) | H14: =IF(A14="","",IF(G14=0,"ケース未作成","OK"))
G15: =IF(A15="","",COUNTIF('テストケース'!$B$6:$B$105,A15)) | H15: =IF(A15="","",IF(G15=0,"ケース未作成","OK"))
G16: =IF(A16="","",COUNTIF('テストケース'!$B$6:$B$105,A16)) | H16: =IF(A16="","",IF(G16=0,"ケース未作成","OK"))
G17: =IF(A17="","",COUNTIF('テストケース'!$B$6:$B$105,A17)) | H17: =IF(A17="","",IF(G17=0,"ケース未作成","OK"))
G18: =IF(A18="","",COUNTIF('テストケース'!$B$6:$B$105,A18)) | H18: =IF(A18="","",IF(G18=0,"ケース未作成","OK"))
G19: =IF(A19="","",COUNTIF('テストケース'!$B$6:$B$105,A19)) | H19: =IF(A19="","",IF(G19=0,"ケース未作成","OK"))
G20: =IF(A20="","",COUNTIF('テストケース'!$B$6:$B$105,A20)) | H20: =IF(A20="","",IF(G20=0,"ケース未作成","OK"))
... G34: =IF(A34="","",COUNTIF('テストケース'!$B$6:$B$105,A34)) | H34: =IF(A34="","",IF(G34=0,"ケース未作成","OK"))
A36: 優先度 | B36: 意味
A37: 高 | B37: 中核機能・セキュリティに直結。必ず実施
A38: 中 | B38: バリデーションなど。実施を推奨
A39: 低 | B39: 余力があれば実施

Sheet テストケース
A1: テストケース
A2: 因子列の見出し（カテゴリ・因子名）は因子水準表から自動で入り、セルは水準のプルダウンから選べます。カテゴリ列で絞り込めます。
A3: テストケース | G3: 因子の水準（入力・状態） | O3: 内容 | S3: 実行結果
A4: ID | B4: 条件ID | C4: カテゴリ | D4: テスト観点（目的） | E4: 優先度 | F4: 事前条件 | G4: =IF('因子水準表'!B$5="","",'因子水準表'!B$5) | H4: =IF('因子水準表'!C$5="","",'因子水準表'!C$5) | I4: =IF('因子水準表'!D$5="","",'因子水準表'!D$5) | J4: =IF('因子水準表'!E$5="","",'因子水準表'!E$5) | K4: =IF('因子水準表'!F$5="","",'因子水準表'!F$5) | L4: =IF('因子水準表'!G$5="","",'因子水準表'!G$5) | M4: =IF('因子水準表'!H$5="","",'因子水準表'!H$5) | N4: =IF('因子水準表'!I$5="","",'因子水準表'!I$5) | O4: 手順 | P4: 期待結果 | Q4: 技法 | R4: 自動化 | S4: 実行日 | T4: 実行者 | U4: 結果 | V4: 欠陥ID | W4: 備考 | Y4: プルダウン用（非表示・編集しない）
G5: =IF('因子水準表'!B$6="","因子1（未使用）",'因子水準表'!B$6) | H5: =IF('因子水準表'!C$6="","因子2（未使用）",'因子水準表'!C$6) | I5: =IF('因子水準表'!D$6="","因子3（未使用）",'因子水準表'!D$6) | J5: =IF('因子水準表'!E$6="","因子4（未使用）",'因子水準表'!E$6) | K5: =IF('因子水準表'!F$6="","因子5（未使用）",'因子水準表'!F$6) | L5: =IF('因子水準表'!G$6="","因子6（未使用）",'因子水準表'!G$6) | M5: =IF('因子水準表'!H$6="","因子7（未使用）",'因子水準表'!H$6) | N5: =IF('因子水準表'!I$6="","因子8（未使用）",'因子水準表'!I$6) | Y5: F1 水準 | Z5: F2 水準 | AA5: F3 水準 | AB5: F4 水準 | AC5: F5 水準 | AD5: F6 水準 | AE5: F7 水準 | AF5: F8 水準 | AG5: カテゴリ | AH5: 条件ID
A6: T-01 | B6: TC-A | C6: ログインフォーム | D6: 正常ログイン | E6: 高 | F6: ─ | G6: 登録済み | H6: 正しい | I6: アクティブ | J6: 0〜1回 | O6: 1. ログイン画面を開く 2. メールアドレスとパスワードを入力 3. ログインボタンを押す | P6: マイページに遷移する | Q6: 同値分割 | R6: 要 | Y6: =IF('因子水準表'!B9="","",'因子水準表'!B9) | Z6: =IF('因子水準表'!C9="","",'因子水準表'!C9) | AA6: =IF('因子水準表'!D9="","",'因子水準表'!D9) | AB6: =IF('因子水準表'!E9="","",'因子水準表'!E9) | AC6: =IF('因子水準表'!F9="","",'因子水準表'!F9) | AD6: =IF('因子水準表'!G9="","",'因子水準表'!G9) | AE6: =IF('因子水準表'!H9="","",'因子水準表'!H9) | AF6: =IF('因子水準表'!I9="","",'因子水準表'!I9) | AG6: =IF('因子水準表'!B28="","",'因子水準表'!B28) | AH6: =IF('テスト条件'!A5="","",'テスト条件'!A5)
A7: T-02 | B7: TC-B | C7: アカウント | D7: 境界：2回目の失敗では未ロック | E7: 高 | F7: 直前に1回失敗している | G7: 登録済み | H7: 間違っている | I7: アクティブ | J7: 2回（境界・未ロック） | O7: 1. 間違ったパスワードでログインする | P7: 「メールまたはパスワードが正しくありません」と表示され、ロックされない | Q7: 境界値分析 | R7: 要 | Y7: =IF('因子水準表'!B10="","",'因子水準表'!B10) | Z7: =IF('因子水準表'!C10="","",'因子水準表'!C10) | AA7: =IF('因子水準表'!D10="","",'因子水準表'!D10) | AB7: =IF('因子水準表'!E10="","",'因子水準表'!E10) | AC7: =IF('因子水準表'!F10="","",'因子水準表'!F10) | AD7: =IF('因子水準表'!G10="","",'因子水準表'!G10) | AE7: =IF('因子水準表'!H10="","",'因子水準表'!H10) | AF7: =IF('因子水準表'!I10="","",'因子水準表'!I10) | AG7: =IF('因子水準表'!B29="","",'因子水準表'!B29) | AH7: =IF('テスト条件'!A6="","",'テスト条件'!A6)
A8: T-03 | B8: TC-B | C8: アカウント | D8: 境界：3回目の失敗でロック | E8: 高 | F8: 直前に2回失敗している | G8: 登録済み | H8: 間違っている | I8: アクティブ | J8: 3回（境界・ロック発動） | O8: 1. 間違ったパスワードでログインする | P8: ロックのメッセージが表示され、アカウント状態がロック済みになる | Q8: 境界値分析 | R8: 要 | Y8: =IF('因子水準表'!B11="","",'因子水準表'!B11) | Z8: =IF('因子水準表'!C11="","",'因子水準表'!C11) | AA8: =IF('因子水準表'!D11="","",'因子水準表'!D11) | AB8: =IF('因子水準表'!E11="","",'因子水準表'!E11) | AC8: =IF('因子水準表'!F11="","",'因子水準表'!F11) | AD8: =IF('因子水準表'!G11="","",'因子水準表'!G11) | AE8: =IF('因子水準表'!H11="","",'因子水準表'!H11) | AF8: =IF('因子水準表'!I11="","",'因子水準表'!I11) | AG8: =IF('因子水準表'!B30="","",'因子水準表'!B30) | AH8: =IF('テスト条件'!A7="","",'テスト条件'!A7)
A9: T-04 | B9: TC-D | C9: ログインフォーム | D9: メールアドレス空欄 | E9: 中 | F9: ─ | G9: 空欄（無効） | H9: 正しい | I9: アクティブ | J9: 0〜1回 | O9: 1. メールアドレスを空のままログインボタンを押す | P9: 「メールアドレスを入力してください」と表示される | Q9: 同値分割 | R9: 否 | Y9: =IF('因子水準表'!B12="","",'因子水準表'!B12) | Z9: =IF('因子水準表'!C12="","",'因子水準表'!C12) | AA9: =IF('因子水準表'!D12="","",'因子水準表'!D12) | AB9: =IF('因子水準表'!E12="","",'因子水準表'!E12) | AC9: =IF('因子水準表'!F12="","",'因子水準表'!F12) | AD9: =IF('因子水準表'!G12="","",'因子水準表'!G12) | AE9: =IF('因子水準表'!H12="","",'因子水準表'!H12) | AF9: =IF('因子水準表'!I12="","",'因子水準表'!I12) | AG9: =IF('因子水準表'!B31="","",'因子水準表'!B31) | AH9: =IF('テスト条件'!A8="","",'テスト条件'!A8)
Y10: =IF('因子水準表'!B13="","",'因子水準表'!B13) | Z10: =IF('因子水準表'!C13="","",'因子水準表'!C13) | AA10: =IF('因子水準表'!D13="","",'因子水準表'!D13) | AB10: =IF('因子水準表'!E13="","",'因子水準表'!E13) | AC10: =IF('因子水準表'!F13="","",'因子水準表'!F13) | AD10: =IF('因子水準表'!G13="","",'因子水準表'!G13) | AE10: =IF('因子水準表'!H13="","",'因子水準表'!H13) | AF10: =IF('因子水準表'!I13="","",'因子水準表'!I13) | AG10: =IF('因子水準表'!B32="","",'因子水準表'!B32) | AH10: =IF('テスト条件'!A9="","",'テスト条件'!A9)
Y11: =IF('因子水準表'!B14="","",'因子水準表'!B14) | Z11: =IF('因子水準表'!C14="","",'因子水準表'!C14) | AA11: =IF('因子水準表'!D14="","",'因子水準表'!D14) | AB11: =IF('因子水準表'!E14="","",'因子水準表'!E14) | AC11: =IF('因子水準表'!F14="","",'因子水準表'!F14) | AD11: =IF('因子水準表'!G14="","",'因子水準表'!G14) | AE11: =IF('因子水準表'!H14="","",'因子水準表'!H14) | AF11: =IF('因子水準表'!I14="","",'因子水準表'!I14) | AG11: =IF('因子水準表'!B33="","",'因子水準表'!B33) | AH11: =IF('テスト条件'!A10="","",'テスト条件'!A10)
Y12: =IF('因子水準表'!B15="","",'因子水準表'!B15) | Z12: =IF('因子水準表'!C15="","",'因子水準表'!C15) | AA12: =IF('因子水準表'!D15="","",'因子水準表'!D15) | AB12: =IF('因子水準表'!E15="","",'因子水準表'!E15) | AC12: =IF('因子水準表'!F15="","",'因子水準表'!F15) | AD12: =IF('因子水準表'!G15="","",'因子水準表'!G15) | AE12: =IF('因子水準表'!H15="","",'因子水準表'!H15) | AF12: =IF('因子水準表'!I15="","",'因子水準表'!I15) | AG12: =IF('因子水準表'!B34="","",'因子水準表'!B34) | AH12: =IF('テスト条件'!A11="","",'テスト条件'!A11)
Y13: =IF('因子水準表'!B16="","",'因子水準表'!B16) | Z13: =IF('因子水準表'!C16="","",'因子水準表'!C16) | AA13: =IF('因子水準表'!D16="","",'因子水準表'!D16) | AB13: =IF('因子水準表'!E16="","",'因子水準表'!E16) | AC13: =IF('因子水準表'!F16="","",'因子水準表'!F16) | AD13: =IF('因子水準表'!G16="","",'因子水準表'!G16) | AE13: =IF('因子水準表'!H16="","",'因子水準表'!H16) | AF13: =IF('因子水準表'!I16="","",'因子水準表'!I16) | AG13: =IF('因子水準表'!B35="","",'因子水準表'!B35) | AH13: =IF('テスト条件'!A12="","",'テスト条件'!A12)
Y14: =IF('因子水準表'!B17="","",'因子水準表'!B17) | Z14: =IF('因子水準表'!C17="","",'因子水準表'!C17) | AA14: =IF('因子水準表'!D17="","",'因子水準表'!D17) | AB14: =IF('因子水準表'!E17="","",'因子水準表'!E17) | AC14: =IF('因子水準表'!F17="","",'因子水準表'!F17) | AD14: =IF('因子水準表'!G17="","",'因子水準表'!G17) | AE14: =IF('因子水準表'!H17="","",'因子水準表'!H17) | AF14: =IF('因子水準表'!I17="","",'因子水準表'!I17) | AG14: =IF('因子水準表'!B36="","",'因子水準表'!B36) | AH14: =IF('テスト条件'!A13="","",'テスト条件'!A13)
Y15: =IF('因子水準表'!B18="","",'因子水準表'!B18) | Z15: =IF('因子水準表'!C18="","",'因子水準表'!C18) | AA15: =IF('因子水準表'!D18="","",'因子水準表'!D18) | AB15: =IF('因子水準表'!E18="","",'因子水準表'!E18) | AC15: =IF('因子水準表'!F18="","",'因子水準表'!F18) | AD15: =IF('因子水準表'!G18="","",'因子水準表'!G18) | AE15: =IF('因子水準表'!H18="","",'因子水準表'!H18) | AF15: =IF('因子水準表'!I18="","",'因子水準表'!I18) | AG15: =IF('因子水準表'!B37="","",'因子水準表'!B37) | AH15: =IF('テスト条件'!A14="","",'テスト条件'!A14)
AH16: =IF('テスト条件'!A15="","",'テスト条件'!A15)
AH17: =IF('テスト条件'!A16="","",'テスト条件'!A16)
AH18: =IF('テスト条件'!A17="","",'テスト条件'!A17)
AH19: =IF('テスト条件'!A18="","",'テスト条件'!A18)
AH20: =IF('テスト条件'!A19="","",'テスト条件'!A19)
AH21: =IF('テスト条件'!A20="","",'テスト条件'!A20)
AH22: =IF('テスト条件'!A21="","",'テスト条件'!A21)
AH23: =IF('テスト条件'!A22="","",'テスト条件'!A22)
AH24: =IF('テスト条件'!A23="","",'テスト条件'!A23)
AH25: =IF('テスト条件'!A24="","",'テスト条件'!A24)
AH26: =IF('テスト条件'!A25="","",'テスト条件'!A25)
AH27: =IF('テスト条件'!A26="","",'テスト条件'!A26)
... AH35: =IF('テスト条件'!A34="","",'テスト条件'!A34)

Sheet 集計
A1: 集計
A2: テストケースシートから自動で集計します。
A4: 項目 | B4: 件数
A5: 総ケース数 | B5: =COUNTA('テストケース'!$A$6:$A$105)
A6: 優先度：高 | B6: =COUNTIF('テストケース'!$E$6:$E$105,"高")
A7: 優先度：中 | B7: =COUNTIF('テストケース'!$E$6:$E$105,"中")
A8: 優先度：低 | B8: =COUNTIF('テストケース'!$E$6:$E$105,"低")
A9: 結果：OK | B9: =COUNTIF('テストケース'!$U$6:$U$105,"OK")
A10: 結果：NG | B10: =COUNTIF('テストケース'!$U$6:$U$105,"NG")
A11: 結果：保留 | B11: =COUNTIF('テストケース'!$U$6:$U$105,"保留")
A12: 結果：対象外 | B12: =COUNTIF('テストケース'!$U$6:$U$105,"対象外")
A13: 結果：未実施 | B13: =B5-SUM(B9:B12)
A14: 自動化：要 | B14: =COUNTIF('テストケース'!$R$6:$R$105,"要")
A15: 自動化：否 | B15: =COUNTIF('テストケース'!$R$6:$R$105,"否")
A16: 自動化：済 | B16: =COUNTIF('テストケース'!$R$6:$R$105,"済")
A18: 指標 | B18: 値
A19: 消化率 | B19: =IF(B5-B12=0,"-",(B9+B10)/(B5-B12)) | C19: （OK＋NG）÷（総数−対象外）
A20: 合格率 | B20: =IF(B9+B10=0,"-",B9/(B9+B10)) | C20: OK ÷（OK＋NG）
A22: カテゴリ別 | B22: 件数 | C22: うち OK
A23: =IF('因子水準表'!$B$28="","",'因子水準表'!$B$28) | B23: =IF(A23="","",COUNTIF('テストケース'!$C$6:$C$105,A23)) | C23: =IF(A23="","",COUNTIFS('テストケース'!$C$6:$C$105,A23,'テストケース'!$U$6:$U$105,"OK"))
A24: =IF('因子水準表'!$B$29="","",'因子水準表'!$B$29) | B24: =IF(A24="","",COUNTIF('テストケース'!$C$6:$C$105,A24)) | C24: =IF(A24="","",COUNTIFS('テストケース'!$C$6:$C$105,A24,'テストケース'!$U$6:$U$105,"OK"))
A25: =IF('因子水準表'!$B$30="","",'因子水準表'!$B$30) | B25: =IF(A25="","",COUNTIF('テストケース'!$C$6:$C$105,A25)) | C25: =IF(A25="","",COUNTIFS('テストケース'!$C$6:$C$105,A25,'テストケース'!$U$6:$U$105,"OK"))
A26: =IF('因子水準表'!$B$31="","",'因子水準表'!$B$31) | B26: =IF(A26="","",COUNTIF('テストケース'!$C$6:$C$105,A26)) | C26: =IF(A26="","",COUNTIFS('テストケース'!$C$6:$C$105,A26,'テストケース'!$U$6:$U$105,"OK"))
A27: =IF('因子水準表'!$B$32="","",'因子水準表'!$B$32) | B27: =IF(A27="","",COUNTIF('テストケース'!$C$6:$C$105,A27)) | C27: =IF(A27="","",COUNTIFS('テストケース'!$C$6:$C$105,A27,'テストケース'!$U$6:$U$105,"OK"))
A28: =IF('因子水準表'!$B$33="","",'因子水準表'!$B$33) | B28: =IF(A28="","",COUNTIF('テストケース'!$C$6:$C$105,A28)) | C28: =IF(A28="","",COUNTIFS('テストケース'!$C$6:$C$105,A28,'テストケース'!$U$6:$U$105,"OK"))
A29: =IF('因子水準表'!$B$34="","",'因子水準表'!$B$34) | B29: =IF(A29="","",COUNTIF('テストケース'!$C$6:$C$105,A29)) | C29: =IF(A29="","",COUNTIFS('テストケース'!$C$6:$C$105,A29,'テストケース'!$U$6:$U$105,"OK"))
A30: =IF('因子水準表'!$B$35="","",'因子水準表'!$B$35) | B30: =IF(A30="","",COUNTIF('テストケース'!$C$6:$C$105,A30)) | C30: =IF(A30="","",COUNTIFS('テストケース'!$C$6:$C$105,A30,'テストケース'!$U$6:$U$105,"OK"))
A31: =IF('因子水準表'!$B$36="","",'因子水準表'!$B$36) | B31: =IF(A31="","",COUNTIF('テストケース'!$C$6:$C$105,A31)) | C31: =IF(A31="","",COUNTIFS('テストケース'!$C$6:$C$105,A31,'テストケース'!$U$6:$U$105,"OK"))
A32: =IF('因子水準表'!$B$37="","",'因子水準表'!$B$37) | B32: =IF(A32="","",COUNTIF('テストケース'!$C$6:$C$105,A32)) | C32: =IF(A32="","",COUNTIFS('テストケース'!$C$6:$C$105,A32,'テストケース'!$U$6:$U$105,"OK"))
A33: カテゴリ未設定 | B33: =COUNTA('テストケース'!$A$6:$A$105)-SUM(B23:B32)
