Workbook

Sheet 使い方
B1: 疎通確認テストケース（内部結合）の使い方
B3: ■ このひな形の目的
B4: 内部結合の最初に、画面・API・DB・バッチ・外部連携（スタブ）が「つながっていて、データが通る」ことを粗い粒度で確かめる。
B5: 全件OKになってから詳細なケース（因子水準表_テストケース_ひな形）に進む。全件合格を外部結合の開始条件にする。
B7: ■ 粒度の目安（詳細ケースとの違い）
B8: ・1ケース＝1つの経路（つながり）を、代表的なデータ1件で正常に通す。入力値のパターンや境界値は網羅しない
B9: ・操作は「画面A → 操作 → 画面B」のように、3〜5ステップを → でつないだ1行で書く（細かいクリック手順は書かない）
B10: ・確認ポイントは「画面」「データ（DB）」「ログ・スタブ」に分けて書く。スタブ連携は画面に結果が出ないことが多いので、何を見ればOKかまで書く
B11: ・異常系は「つながっていない／相手がエラーを返した時に、止まり方がおかしくないか」程度に絞る（例：スタブのエラー応答）
B13: ■ 作り方の順番
B14: 1. 「接続一覧」シートに、内部結合で確かめる経路（連携元 → 連携先）を書き出す。設計書の構成図・API一覧・テーブル一覧から拾う
B15: 2. 「疎通確認テストケース」シートに、経路IDを選んでケースを書く。1ケースで複数の経路を通す場合は「R-01,R-02」のようにカンマで並べて手入力してよい
... B29: ・自動化候補：○＝Playwrightで自動化しやすい、△＝条件づくりが難しい、×＝手動

Sheet 接続一覧
A1: 接続一覧：内部結合で疎通を確かめる経路（連携元 → 連携先）
A2: ケース数・状態は「疎通確認テストケース」シートから自動で数えます（経路IDを書いたケースの件数）。
A3: 経路 | H3: ケースの状況（自動）
A4: 経路ID | B4: 連携元 | C4: 連携先 | D4: 連携方式 | E4: 受け渡す内容 | F4: 内部結合での扱い | G4: 確認方法（何を見ればOKか） | H4: ケース数 | I4: OK数 | J4: NG数 | K4: 状態 | L4: 備考
A5: R-01 | B5: 予約入力画面 | C5: 予約API | D5: API | E5: 予約内容（日時・人数・会員ID） | F5: 対象（内部） | G5: API応答が正常で確認画面に遷移する | H5: =IF(A5="","",COUNTIF('疎通確認テストケース'!$B$6:$B$105,"*"&A5&"*")) | I5: =IF(A5="","",COUNTIFS('疎通確認テストケース'!$B$6:$B$105,"*"&A5&"*",'疎通確認テストケース'!$P$6:$P$105,"OK")) | J5: =IF(A5="","",COUNTIFS('疎通確認テストケース'!$B$6:$B$105,"*"&A5&"*",'疎通確認テストケース'!$P$6:$P$105,"NG")) | K5: =IF(A5="","",IF(H5=0,"ケース未作成",IF(J5>0,"NGあり",IF(I5=H5,"疎通OK","未完了"))))
A6: R-02 | B6: 予約API | C6: 予約DB（予約テーブル） | D6: DB | E6: 予約レコード | F6: 対象（内部） | G6: 予約テーブルに1件登録され、予約番号が採番される | H6: =IF(A6="","",COUNTIF('疎通確認テストケース'!$B$6:$B$105,"*"&A6&"*")) | I6: =IF(A6="","",COUNTIFS('疎通確認テストケース'!$B$6:$B$105,"*"&A6&"*",'疎通確認テストケース'!$P$6:$P$105,"OK")) | J6: =IF(A6="","",COUNTIFS('疎通確認テストケース'!$B$6:$B$105,"*"&A6&"*",'疎通確認テストケース'!$P$6:$P$105,"NG")) | K6: =IF(A6="","",IF(H6=0,"ケース未作成",IF(J6>0,"NGあり",IF(I6=H6,"疎通OK","未完了"))))
A7: R-03 | B7: 予約API | C7: 決済サービス | D7: 外部連携 | E7: 決済依頼（金額・予約番号） | F7: スタブ | G7: スタブのログに決済依頼が記録される | H7: =IF(A7="","",COUNTIF('疎通確認テストケース'!$B$6:$B$105,"*"&A7&"*")) | I7: =IF(A7="","",COUNTIFS('疎通確認テストケース'!$B$6:$B$105,"*"&A7&"*",'疎通確認テストケース'!$P$6:$P$105,"OK")) | J7: =IF(A7="","",COUNTIFS('疎通確認テストケース'!$B$6:$B$105,"*"&A7&"*",'疎通確認テストケース'!$P$6:$P$105,"NG")) | K7: =IF(A7="","",IF(H7=0,"ケース未作成",IF(J7>0,"NGあり",IF(I7=H7,"疎通OK","未完了"))))
A8: R-04 | B8: 予約API | C8: 通知サービス | D8: 外部連携 | E8: 予約完了通知の送信依頼 | F8: スタブ | G8: スタブのログに送信依頼が記録される | H8: =IF(A8="","",COUNTIF('疎通確認テストケース'!$B$6:$B$105,"*"&A8&"*")) | I8: =IF(A8="","",COUNTIFS('疎通確認テストケース'!$B$6:$B$105,"*"&A8&"*",'疎通確認テストケース'!$P$6:$P$105,"OK")) | J8: =IF(A8="","",COUNTIFS('疎通確認テストケース'!$B$6:$B$105,"*"&A8&"*",'疎通確認テストケース'!$P$6:$P$105,"NG")) | K8: =IF(A8="","",IF(H8=0,"ケース未作成",IF(J8>0,"NGあり",IF(I8=H8,"疎通OK","未完了"))))
A9: R-05 | B9: 管理画面 | C9: 予約API | D9: API | E9: 予約検索条件 | F9: 対象（内部） | G9: 利用者側で登録した予約が検索結果に出る | H9: =IF(A9="","",COUNTIF('疎通確認テストケース'!$B$6:$B$105,"*"&A9&"*")) | I9: =IF(A9="","",COUNTIFS('疎通確認テストケース'!$B$6:$B$105,"*"&A9&"*",'疎通確認テストケース'!$P$6:$P$105,"OK")) | J9: =IF(A9="","",COUNTIFS('疎通確認テストケース'!$B$6:$B$105,"*"&A9&"*",'疎通確認テストケース'!$P$6:$P$105,"NG")) | K9: =IF(A9="","",IF(H9=0,"ケース未作成",IF(J9>0,"NGあり",IF(I9=H9,"疎通OK","未完了"))))
A10: R-06 | B10: 日次バッチ | C10: 予約DB（集計テーブル） | D10: バッチ | E10: 当日の予約件数 | F10: 対象（内部） | G10: バッチ正常終了・集計テーブルに当日分が入る | H10: =IF(A10="","",COUNTIF('疎通確認テストケース'!$B$6:$B$105,"*"&A10&"*")) | I10: =IF(A10="","",COUNTIFS('疎通確認テストケース'!$B$6:$B$105,"*"&A10&"*",'疎通確認テストケース'!$P$6:$P$105,"OK")) | J10: =IF(A10="","",COUNTIFS('疎通確認テストケース'!$B$6:$B$105,"*"&A10&"*",'疎通確認テストケース'!$P$6:$P$105,"NG")) | K10: =IF(A10="","",IF(H10=0,"ケース未作成",IF(J10>0,"NGあり",IF(I10=H10,"疎通OK","未完了"))))
H11: =IF(A11="","",COUNTIF('疎通確認テストケース'!$B$6:$B$105,"*"&A11&"*")) | I11: =IF(A11="","",COUNTIFS('疎通確認テストケース'!$B$6:$B$105,"*"&A11&"*",'疎通確認テストケース'!$P$6:$P$105,"OK")) | J11: =IF(A11="","",COUNTIFS('疎通確認テストケース'!$B$6:$B$105,"*"&A11&"*",'疎通確認テストケース'!$P$6:$P$105,"NG")) | K11: =IF(A11="","",IF(H11=0,"ケース未作成",IF(J11>0,"NGあり",IF(I11=H11,"疎通OK","未完了"))))
H12: =IF(A12="","",COUNTIF('疎通確認テストケース'!$B$6:$B$105,"*"&A12&"*")) | I12: =IF(A12="","",COUNTIFS('疎通確認テストケース'!$B$6:$B$105,"*"&A12&"*",'疎通確認テストケース'!$P$6:$P$105,"OK")) | J12: =IF(A12="","",COUNTIFS('疎通確認テストケース'!$B$6:$B$105,"*"&A12&"*",'疎通確認テストケース'!$P$6:$P$105,"NG")) | K12: =IF(A12="","",IF(H12=0,"ケース未作成",IF(J12>0,"NGあり",IF(I12=H12,"疎通OK","未完了"))))
H13: =IF(A13="","",COUNTIF('疎通確認テストケース'!$B$6:$B$105,"*"&A13&"*")) | I13: =IF(A13="","",COUNTIFS('疎通確認テストケース'!$B$6:$B$105,"*"&A13&"*",'疎通確認テストケース'!$P$6:$P$105,"OK")) | J13: =IF(A13="","",COUNTIFS('疎通確認テストケース'!$B$6:$B$105,"*"&A13&"*",'疎通確認テストケース'!$P$6:$P$105,"NG")) | K13: =IF(A13="","",IF(H13=0,"ケース未作成",IF(J13>0,"NGあり",IF(I13=H13,"疎通OK","未完了"))))
H14: =IF(A14="","",COUNTIF('疎通確認テストケース'!$B$6:$B$105,"*"&A14&"*")) | I14: =IF(A14="","",COUNTIFS('疎通確認テストケース'!$B$6:$B$105,"*"&A14&"*",'疎通確認テストケース'!$P$6:$P$105,"OK")) | J14: =IF(A14="","",COUNTIFS('疎通確認テストケース'!$B$6:$B$105,"*"&A14&"*",'疎通確認テストケース'!$P$6:$P$105,"NG")) | K14: =IF(A14="","",IF(H14=0,"ケース未作成",IF(J14>0,"NGあり",IF(I14=H14,"疎通OK","未完了"))))
H15: =IF(A15="","",COUNTIF('疎通確認テストケース'!$B$6:$B$105,"*"&A15&"*")) | I15: =IF(A15="","",COUNTIFS('疎通確認テストケース'!$B$6:$B$105,"*"&A15&"*",'疎通確認テストケース'!$P$6:$P$105,"OK")) | J15: =IF(A15="","",COUNTIFS('疎通確認テストケース'!$B$6:$B$105,"*"&A15&"*",'疎通確認テストケース'!$P$6:$P$105,"NG")) | K15: =IF(A15="","",IF(H15=0,"ケース未作成",IF(J15>0,"NGあり",IF(I15=H15,"疎通OK","未完了"))))
H16: =IF(A16="","",COUNTIF('疎通確認テストケース'!$B$6:$B$105,"*"&A16&"*")) | I16: =IF(A16="","",COUNTIFS('疎通確認テストケース'!$B$6:$B$105,"*"&A16&"*",'疎通確認テストケース'!$P$6:$P$105,"OK")) | J16: =IF(A16="","",COUNTIFS('疎通確認テストケース'!$B$6:$B$105,"*"&A16&"*",'疎通確認テストケース'!$P$6:$P$105,"NG")) | K16: =IF(A16="","",IF(H16=0,"ケース未作成",IF(J16>0,"NGあり",IF(I16=H16,"疎通OK","未完了"))))
H17: =IF(A17="","",COUNTIF('疎通確認テストケース'!$B$6:$B$105,"*"&A17&"*")) | I17: =IF(A17="","",COUNTIFS('疎通確認テストケース'!$B$6:$B$105,"*"&A17&"*",'疎通確認テストケース'!$P$6:$P$105,"OK")) | J17: =IF(A17="","",COUNTIFS('疎通確認テストケース'!$B$6:$B$105,"*"&A17&"*",'疎通確認テストケース'!$P$6:$P$105,"NG")) | K17: =IF(A17="","",IF(H17=0,"ケース未作成",IF(J17>0,"NGあり",IF(I17=H17,"疎通OK","未完了"))))
H18: =IF(A18="","",COUNTIF('疎通確認テストケース'!$B$6:$B$105,"*"&A18&"*")) | I18: =IF(A18="","",COUNTIFS('疎通確認テストケース'!$B$6:$B$105,"*"&A18&"*",'疎通確認テストケース'!$P$6:$P$105,"OK")) | J18: =IF(A18="","",COUNTIFS('疎通確認テストケース'!$B$6:$B$105,"*"&A18&"*",'疎通確認テストケース'!$P$6:$P$105,"NG")) | K18: =IF(A18="","",IF(H18=0,"ケース未作成",IF(J18>0,"NGあり",IF(I18=H18,"疎通OK","未完了"))))
H19: =IF(A19="","",COUNTIF('疎通確認テストケース'!$B$6:$B$105,"*"&A19&"*")) | I19: =IF(A19="","",COUNTIFS('疎通確認テストケース'!$B$6:$B$105,"*"&A19&"*",'疎通確認テストケース'!$P$6:$P$105,"OK")) | J19: =IF(A19="","",COUNTIFS('疎通確認テストケース'!$B$6:$B$105,"*"&A19&"*",'疎通確認テストケース'!$P$6:$P$105,"NG")) | K19: =IF(A19="","",IF(H19=0,"ケース未作成",IF(J19>0,"NGあり",IF(I19=H19,"疎通OK","未完了"))))
H20: =IF(A20="","",COUNTIF('疎通確認テストケース'!$B$6:$B$105,"*"&A20&"*")) | I20: =IF(A20="","",COUNTIFS('疎通確認テストケース'!$B$6:$B$105,"*"&A20&"*",'疎通確認テストケース'!$P$6:$P$105,"OK")) | J20: =IF(A20="","",COUNTIFS('疎通確認テストケース'!$B$6:$B$105,"*"&A20&"*",'疎通確認テストケース'!$P$6:$P$105,"NG")) | K20: =IF(A20="","",IF(H20=0,"ケース未作成",IF(J20>0,"NGあり",IF(I20=H20,"疎通OK","未完了"))))
H21: =IF(A21="","",COUNTIF('疎通確認テストケース'!$B$6:$B$105,"*"&A21&"*")) | I21: =IF(A21="","",COUNTIFS('疎通確認テストケース'!$B$6:$B$105,"*"&A21&"*",'疎通確認テストケース'!$P$6:$P$105,"OK")) | J21: =IF(A21="","",COUNTIFS('疎通確認テストケース'!$B$6:$B$105,"*"&A21&"*",'疎通確認テストケース'!$P$6:$P$105,"NG")) | K21: =IF(A21="","",IF(H21=0,"ケース未作成",IF(J21>0,"NGあり",IF(I21=H21,"疎通OK","未完了"))))
H22: =IF(A22="","",COUNTIF('疎通確認テストケース'!$B$6:$B$105,"*"&A22&"*")) | I22: =IF(A22="","",COUNTIFS('疎通確認テストケース'!$B$6:$B$105,"*"&A22&"*",'疎通確認テストケース'!$P$6:$P$105,"OK")) | J22: =IF(A22="","",COUNTIFS('疎通確認テストケース'!$B$6:$B$105,"*"&A22&"*",'疎通確認テストケース'!$P$6:$P$105,"NG")) | K22: =IF(A22="","",IF(H22=0,"ケース未作成",IF(J22>0,"NGあり",IF(I22=H22,"疎通OK","未完了"))))
... H54: =IF(A54="","",COUNTIF('疎通確認テストケース'!$B$6:$B$105,"*"&A54&"*")) | I54: =IF(A54="","",COUNTIFS('疎通確認テストケース'!$B$6:$B$105,"*"&A54&"*",'疎通確認テストケース'!$P$6:$P$105,"OK")) | J54: =IF(A54="","",COUNTIFS('疎通確認テストケース'!$B$6:$B$105,"*"&A54&"*",'疎通確認テストケース'!$P$6:$P$105,"NG")) | K54: =IF(A54="","",IF(H54=0,"ケース未作成",IF(J54>0,"NGあり",IF(I54=H54,"疎通OK","未完了"))))

Sheet 疎通確認テストケース
A1: 疎通確認テストケース（内部結合）
A2: 対象システム | B2: 予約システム（記入例） | D2: 環境 | E2: STG | G2: ビルド/版 | J2: 実施期間
A3: 1ケース＝1経路を代表データ1件で通す。操作は → でつないだ1行で書く。経路IDはプルダウン（複数ならカンマ区切りで手入力）。
A4: テストケース | H4: 確認ポイント | N4: 実行結果
A5: ID | B5: 経路ID | C5: シナリオID | D5: 区分 | E5: 確認したいこと | F5: 事前条件・テストデータ | G5: 操作の概要（→でつなぐ） | H5: 画面 | I5: データ（DB） | J5: ログ・スタブ | K5: 外部連携の扱い | L5: 優先度 | M5: 自動化候補 | N5: 実行日 | O5: 実行者 | P5: 結果 | Q5: 欠陥ID | R5: 証跡（スクショ・ログ） | S5: 備考 | U5: プルダウン用（非表示・編集しない）
A6: IT-01 | B6: R-01,R-02 | C6: SC-01 | D6: 正常系 | E6: 予約入力から登録までデータが通る | F6: 会員アカウント1件／空き枠がある日時 | G6: ログイン → 空き枠検索 → 日時を選択 → 入力 → 確定 | H6: 完了画面に予約番号が表示される | I6: 予約テーブルに1件登録（予約番号・会員ID一致） | J6: APIログにエラーがない | K6: なし | L6: 高 | M6: ○ | P6: 未実施 | U6: =IF('接続一覧'!A5="","",'接続一覧'!A5)
A7: IT-02 | B7: R-03 | C7: SC-01 | D7: 正常系 | E7: 予約確定時に決済依頼がスタブへ届く | F7: IT-01と同じ | G7: IT-01の確定操作 | H7: 完了画面が表示される | I7: 決済状態＝決済済み | J7: 決済スタブのログに依頼（金額・予約番号）がある | K7: スタブ | L7: 高 | M7: ○ | P7: 未実施 | U7: =IF('接続一覧'!A6="","",'接続一覧'!A6)
A8: IT-03 | B8: R-04 | C8: SC-01 | D8: 正常系 | E8: 予約完了通知の送信依頼がスタブへ届く | F8: IT-01と同じ | G8: IT-01の確定操作 | H8: — | I8: — | J8: 通知スタブのログに送信依頼がある | K8: スタブ | L8: 中 | M8: △ | P8: 未実施 | U8: =IF('接続一覧'!A7="","",'接続一覧'!A7)
A9: IT-04 | B9: R-03 | C9: SC-07 | D9: 異常系 | E9: 決済がエラーを返したとき中途半端に残らない | F9: 決済スタブをエラー応答に切り替え | G9: ログイン → 空き枠検索 → 入力 → 確定 | H9: エラーメッセージが表示される | I9: 予約テーブルに登録されない（または取消状態） | J9: スタブのログにエラー応答を返した記録 | K9: スタブ | L9: 高 | M9: △ | P9: 未実施 | U9: =IF('接続一覧'!A8="","",'接続一覧'!A8)
A10: IT-05 | B10: R-05 | C10: SC-10 | D10: 正常系 | E10: 利用者側の予約が管理画面で見える | F10: IT-01で登録した予約 | G10: 管理画面にログイン → 予約番号で検索 → 詳細表示 | H10: IT-01の予約内容が表示される | I10: — | J10: — | K10: なし | L10: 中 | M10: ○ | P10: 未実施 | U10: =IF('接続一覧'!A9="","",'接続一覧'!A9)
A11: IT-06 | B11: R-06 | D11: 正常系 | E11: 日次バッチが予約DBを読んで集計できる | F11: 当日の予約が1件以上ある | G11: バッチを手動実行 | H11: — | I11: 集計テーブルに当日分の件数が入る | J11: バッチログが正常終了 | K11: なし | L11: 中 | M11: × | P11: 未実施 | U11: =IF('接続一覧'!A10="","",'接続一覧'!A10)
U12: =IF('接続一覧'!A11="","",'接続一覧'!A11)
U13: =IF('接続一覧'!A12="","",'接続一覧'!A12)
U14: =IF('接続一覧'!A13="","",'接続一覧'!A13)
U15: =IF('接続一覧'!A14="","",'接続一覧'!A14)
U16: =IF('接続一覧'!A15="","",'接続一覧'!A15)
U17: =IF('接続一覧'!A16="","",'接続一覧'!A16)
U18: =IF('接続一覧'!A17="","",'接続一覧'!A17)
U19: =IF('接続一覧'!A18="","",'接続一覧'!A18)
U20: =IF('接続一覧'!A19="","",'接続一覧'!A19)
U21: =IF('接続一覧'!A20="","",'接続一覧'!A20)
U22: =IF('接続一覧'!A21="","",'接続一覧'!A21)
U23: =IF('接続一覧'!A22="","",'接続一覧'!A22)
... U55: =IF('接続一覧'!A54="","",'接続一覧'!A54)

Sheet 集計
A1: 集計（自動計算・編集しない）
A3: テストケースの結果 | B3: 件数 | C3: 高優先度 | D3: メモ
A4: ケース総数 | B4: =COUNTA('疎通確認テストケース'!$A$6:$A$105) | C4: =COUNTIFS('疎通確認テストケース'!$A$6:$A$105,"<>",'疎通確認テストケース'!$L$6:$L$105,"高") | D4: ID列が入っている行を数える
A5: OK | B5: =COUNTIFS('疎通確認テストケース'!$A$6:$A$105,"<>",'疎通確認テストケース'!$P$6:$P$105,"OK") | C5: =COUNTIFS('疎通確認テストケース'!$A$6:$A$105,"<>",'疎通確認テストケース'!$P$6:$P$105,"OK",'疎通確認テストケース'!$L$6:$L$105,"高")
A6: NG | B6: =COUNTIFS('疎通確認テストケース'!$A$6:$A$105,"<>",'疎通確認テストケース'!$P$6:$P$105,"NG") | C6: =COUNTIFS('疎通確認テストケース'!$A$6:$A$105,"<>",'疎通確認テストケース'!$P$6:$P$105,"NG",'疎通確認テストケース'!$L$6:$L$105,"高")
A7: 保留 | B7: =COUNTIFS('疎通確認テストケース'!$A$6:$A$105,"<>",'疎通確認テストケース'!$P$6:$P$105,"保留") | C7: =COUNTIFS('疎通確認テストケース'!$A$6:$A$105,"<>",'疎通確認テストケース'!$P$6:$P$105,"保留",'疎通確認テストケース'!$L$6:$L$105,"高")
A8: 対象外 | B8: =COUNTIFS('疎通確認テストケース'!$A$6:$A$105,"<>",'疎通確認テストケース'!$P$6:$P$105,"対象外") | C8: =COUNTIFS('疎通確認テストケース'!$A$6:$A$105,"<>",'疎通確認テストケース'!$P$6:$P$105,"対象外",'疎通確認テストケース'!$L$6:$L$105,"高")
A9: 未実施（空欄含む） | B9: =B4-SUM(B5:B8) | C9: =C4-SUM(C5:C8)
A10: 実施率 | B10: =IF(B4=0,"",(B4-B9)/B4) | C10: =IF(C4=0,"",(C4-C9)/C4) | D10: （総数－未実施）÷総数
A11: 合格率（対象外を除く） | B11: =IF(B4-B8=0,"",B5/(B4-B8)) | C11: =IF(C4-C8=0,"",C5/(C4-C8)) | D11: OK÷（総数－対象外）
A13: 経路のカバー | B13: 件数 | D13: メモ
A14: 経路数 | B14: =COUNTA('接続一覧'!$A$5:$A$54) | D14: 接続一覧に書いた経路
A15: 疎通OK | B15: =COUNTIF('接続一覧'!$K$5:$K$54,"疎通OK")
A16: NGあり | B16: =COUNTIF('接続一覧'!$K$5:$K$54,"NGあり")
A17: 未完了 | B17: =COUNTIF('接続一覧'!$K$5:$K$54,"未完了")
A18: ケース未作成 | B18: =COUNTIF('接続一覧'!$K$5:$K$54,"ケース未作成") | D18: 0になるまでケースを足す
A20: 外部結合の開始条件 | B20: 判定 | D20: 条件
A21: 疎通確認 全件OK | B21: =IF(B4=0,"未達",IF(AND(B5+B8=B4,B18=0),"達成","未達")) | D21: 全ケースがOKまたは対象外、かつケース未作成の経路がない
