Workbook

Sheet 使い方
A1: 質問管理表の使い方
A3: 目的 | B3: 直属のリーダーへの質問を一覧で管理し、聞き漏れ・回答の放置・同じ質問の繰り返しを防ぐ。
A5: ■ 入力ルール
A6: 白いセル | B6: 自分で入力する欄。
A7: グレーのセル | B7: 自動計算（No・期限・経過日数）。入力・削除しない。
A8: 黄色のセル | B8: 記入例（質問一覧の5行目）。使い始めたら行ごと削除してOK。
A10: ■ 列の説明
A11: No | B11: 質問内容を入れると自動で番号が付く。
A12: カテゴリ / 優先度 / ステータス / 質問方法 | B12: プルダウンから選ぶ。
A13: 質問内容 | B13: 1行1質問。「はい/いいえ」や選択肢で答えられる形にすると回答をもらいやすい。
A14: 背景・困っていること | B14: なぜ知りたいのか。リーダーが状況をすぐ把握できるように書く。
A15: 自分の考え・仮説 | B15: 「〇〇だと思いますが合っていますか？」と聞けるように、自分の案を書いておく。
A16: 回答希望日 | B16: いつまでに回答が必要か。過ぎると「期限」列に「超過」、3日以内だと「間近」と表示される。
A17: 質問日 / 回答日 | B17: 質問した日・回答をもらった日。「経過日数」が自動計算される。
A18: 回答内容 / 次のアクション | B18: もらった回答と、それを受けて自分がやること。
A20: ■ ステータスの流れ | B20: 未質問 → 質問済み → 回答済み → クローズ（次のアクションまで終わったら）
B21: すぐに答えが出ない・後回しにすると決まったものは「保留」。
A23: ■ 運用のコツ | B23: ・1on1や定例の前に、フィルターで「未質問」「優先度：高」を絞り込んで、まとめて聞く。
B24: ・「集計」シートで未解決・期限超過の件数を確認する。
B25: ・回答内容は後から見返せるように具体的に残す（同じ質問を2回しないため）。
A27: ■ 選択肢の変更 | B27: カテゴリなどの選択肢を変えたいときは、該当列を選択 →［データ］→［データの入力規則］で編集。
B28: 変更した場合は「集計」シートのA列の区分名も同じ名前に書き換える。

Sheet 質問一覧
A1: リーダーへの質問管理表
A2: 白いセルに入力 / グレーのセルは自動計算（入力不要）。5行目は記入例なので不要になったら行ごと削除してください。
A4: No | B4: 登録日 | C4: カテゴリ | D4: 質問内容 | E4: 背景・困っていること | F4: 自分の考え・仮説 | G4: 優先度 | H4: 回答希望日 | I4: ステータス | J4: 質問日 | K4: 質問方法 | L4: 回答日 | M4: 回答内容 | N4: 次のアクション | O4: 関連資料・リンク | P4: 備考 | Q4: 期限 | R4: 経過日数
A5: =IF(D5="","",ROW()-4) | B5: 46300 | C5: テスト設計 | D5: 因子水準表のレビューは、誰に・どのタイミングで依頼すればよいですか？ | E5: テストケース作成前にレビューを入れたいが、社内の流れが分からない | F5: テスト設計完了時点で、リーダーにレビュー依頼するのが良いと考えている | G5: 高 | H5: 46302 | I5: 回答済み | J5: 46300 | K5: チャット | L5: 46301 | M5: テスト設計が終わった時点でリーダーへ依頼。レビュー記録は共有フォルダに残す | N5: レビュー依頼のテンプレートを作る | O5: 共有フォルダ/テスト設計/ | P5: 記入例 | Q5: =IF(OR(H5="",I5="回答済み",I5="クローズ"),"",IF(H5<TODAY(),"超過",IF(H5-TODAY()<=3,"間近",""))) | R5: =IF(J5="","",IF(L5="",TODAY(),L5)-J5)
A6: =IF(D6="","",ROW()-4) | Q6: =IF(OR(H6="",I6="回答済み",I6="クローズ"),"",IF(H6<TODAY(),"超過",IF(H6-TODAY()<=3,"間近",""))) | R6: =IF(J6="","",IF(L6="",TODAY(),L6)-J6)
A7: =IF(D7="","",ROW()-4) | Q7: =IF(OR(H7="",I7="回答済み",I7="クローズ"),"",IF(H7<TODAY(),"超過",IF(H7-TODAY()<=3,"間近",""))) | R7: =IF(J7="","",IF(L7="",TODAY(),L7)-J7)
A8: =IF(D8="","",ROW()-4) | Q8: =IF(OR(H8="",I8="回答済み",I8="クローズ"),"",IF(H8<TODAY(),"超過",IF(H8-TODAY()<=3,"間近",""))) | R8: =IF(J8="","",IF(L8="",TODAY(),L8)-J8)
A9: =IF(D9="","",ROW()-4) | Q9: =IF(OR(H9="",I9="回答済み",I9="クローズ"),"",IF(H9<TODAY(),"超過",IF(H9-TODAY()<=3,"間近",""))) | R9: =IF(J9="","",IF(L9="",TODAY(),L9)-J9)
A10: =IF(D10="","",ROW()-4) | Q10: =IF(OR(H10="",I10="回答済み",I10="クローズ"),"",IF(H10<TODAY(),"超過",IF(H10-TODAY()<=3,"間近",""))) | R10: =IF(J10="","",IF(L10="",TODAY(),L10)-J10)
A11: =IF(D11="","",ROW()-4) | Q11: =IF(OR(H11="",I11="回答済み",I11="クローズ"),"",IF(H11<TODAY(),"超過",IF(H11-TODAY()<=3,"間近",""))) | R11: =IF(J11="","",IF(L11="",TODAY(),L11)-J11)
A12: =IF(D12="","",ROW()-4) | Q12: =IF(OR(H12="",I12="回答済み",I12="クローズ"),"",IF(H12<TODAY(),"超過",IF(H12-TODAY()<=3,"間近",""))) | R12: =IF(J12="","",IF(L12="",TODAY(),L12)-J12)
A13: =IF(D13="","",ROW()-4) | Q13: =IF(OR(H13="",I13="回答済み",I13="クローズ"),"",IF(H13<TODAY(),"超過",IF(H13-TODAY()<=3,"間近",""))) | R13: =IF(J13="","",IF(L13="",TODAY(),L13)-J13)
A14: =IF(D14="","",ROW()-4) | Q14: =IF(OR(H14="",I14="回答済み",I14="クローズ"),"",IF(H14<TODAY(),"超過",IF(H14-TODAY()<=3,"間近",""))) | R14: =IF(J14="","",IF(L14="",TODAY(),L14)-J14)
A15: =IF(D15="","",ROW()-4) | Q15: =IF(OR(H15="",I15="回答済み",I15="クローズ"),"",IF(H15<TODAY(),"超過",IF(H15-TODAY()<=3,"間近",""))) | R15: =IF(J15="","",IF(L15="",TODAY(),L15)-J15)
A16: =IF(D16="","",ROW()-4) | Q16: =IF(OR(H16="",I16="回答済み",I16="クローズ"),"",IF(H16<TODAY(),"超過",IF(H16-TODAY()<=3,"間近",""))) | R16: =IF(J16="","",IF(L16="",TODAY(),L16)-J16)
A17: =IF(D17="","",ROW()-4) | Q17: =IF(OR(H17="",I17="回答済み",I17="クローズ"),"",IF(H17<TODAY(),"超過",IF(H17-TODAY()<=3,"間近",""))) | R17: =IF(J17="","",IF(L17="",TODAY(),L17)-J17)
... A204: =IF(D204="","",ROW()-4) | Q204: =IF(OR(H204="",I204="回答済み",I204="クローズ"),"",IF(H204<TODAY(),"超過",IF(H204-TODAY()<=3,"間近",""))) | R204: =IF(J204="","",IF(L204="",TODAY(),L204)-J204)

Sheet 集計
A1: 質問の集計（自動計算・入力不要）
A3: ■ 全体
A4: 項目 | B4: 件数
A5: 質問の総数 | B5: =COUNTIF('質問一覧'!$D$5:$D$204,"?*")
A6: 未解決（未質問・質問済み・保留） | B6: =COUNTIF('質問一覧'!$I$5:$I$204,"未質問")+COUNTIF('質問一覧'!$I$5:$I$204,"質問済み")+COUNTIF('質問一覧'!$I$5:$I$204,"保留")
A7: 期限超過 | B7: =COUNTIF('質問一覧'!$Q$5:$Q$204,"超過")
A8: 期限間近（3日以内） | B8: =COUNTIF('質問一覧'!$Q$5:$Q$204,"間近")
A9: 平均回答日数（回答済みのみ） | B9: =IFERROR(AVERAGEIFS('質問一覧'!$R$5:$R$204,'質問一覧'!$L$5:$L$204,"<>"),"-")
A11: ■ ステータス別
A12: 区分 | B12: 件数
A13: 未質問 | B13: =COUNTIF('質問一覧'!$I$5:$I$204,A13)
A14: 質問済み | B14: =COUNTIF('質問一覧'!$I$5:$I$204,A14)
A15: 回答済み | B15: =COUNTIF('質問一覧'!$I$5:$I$204,A15)
A16: 保留 | B16: =COUNTIF('質問一覧'!$I$5:$I$204,A16)
A17: クローズ | B17: =COUNTIF('質問一覧'!$I$5:$I$204,A17)
A18: 未選択 | B18: =B5-SUM(B13:B17)
A20: ■ 優先度別
A21: 区分 | B21: 件数
A22: 高 | B22: =COUNTIF('質問一覧'!$G$5:$G$204,A22)
A23: 中 | B23: =COUNTIF('質問一覧'!$G$5:$G$204,A23)
A24: 低 | B24: =COUNTIF('質問一覧'!$G$5:$G$204,A24)
A25: 未選択 | B25: =B5-SUM(B22:B24)
A27: ■ カテゴリ別
A28: 区分 | B28: 件数
A29: 業務・仕様 | B29: =COUNTIF('質問一覧'!$C$5:$C$204,A29)
A30: テスト設計 | B30: =COUNTIF('質問一覧'!$C$5:$C$204,A30)
A31: テスト実行 | B31: =COUNTIF('質問一覧'!$C$5:$C$204,A31)
A32: ツール・環境 | B32: =COUNTIF('質問一覧'!$C$5:$C$204,A32)
A33: 進め方・スケジュール | B33: =COUNTIF('質問一覧'!$C$5:$C$204,A33)
A34: 社内ルール・手続き | B34: =COUNTIF('質問一覧'!$C$5:$C$204,A34)
A35: その他 | B35: =COUNTIF('質問一覧'!$C$5:$C$204,A35)
A36: 未選択 | B36: =B5-SUM(B29:B35)
